facility_id,location,cleanliness_score,odor_score,waste_level,water_availability,footfall,complaints,inspection_date
F001,Central,8,7,Low,Yes,420,12,2026-01-01
F002,North,7,6,Medium,Yes,350,18,2026-01-02
F003,South,9,8,Low,Yes,280,7,2026-01-03
F004,East,6,5,High,No,510,25,2026-01-04
F005,West,8,7,Medium,Yes,390,14,2026-01-05
F006,Central,9,9,Low,Yes,450,6,2026-01-06
F007,North,6,5,High,No,320,29,2026-01-07
F008,South,8,7,Low,Yes,275,10,2026-01-08
F009,East,5,4,High,No,560,34,2026-01-09
F010,West,7,6,Medium,Yes,410,17,2026-01-10
F011,Central,8,8,Low,Yes,470,9,2026-01-11
F012,North,7,6,Medium,Yes,365,15,2026-01-12
F013,South,9,8,Low,Yes,290,5,2026-01-13
F014,East,6,5,High,No,530,27,2026-01-14
F015,West,8,7,Medium,Yes,400,13,2026-01-15
F016,Central,,8,Low,Yes,455,8,2026-01-16
F017,North,7,,Medium,Yes,340,16,2026-01-17
F018,South,9,9,Low,Yes,300,4,2026-01-18
F019,East,12,4,High,No,575,38,2026-01-19
F020,West,7,6,Medium,Yes,395,19,2026-01-20
F021,Central,8,7,Low,Yes,500,11,2026-01-21
F022,North,-1,5,High,No,330,31,2026-01-22
F023,South,8,7,Low,Yes,285,9,2026-01-23
F024,East,5,3,High,No,540,36,2026-01-24
F025,West,7,6,Medium,Yes,420,15,2026-01-25
F026,Central,9,8,Low,Yes,480,7,2026-01-26
F027,North,6,5,High,No,310,28,2026-01-27
F028,South,8,7,Low,Yes,5000,6,2026-01-28
F029,East,6,4,High,No,550,100,2026-01-29
F030,West,8,7,Medium,Yes,405,14,2026-01-30
F031,Central,8,7,Low,Yes,420,12,2026-01-31
F032,North,7,6,Medium,Yes,360,16,2026-02-01
F033,South,9,8,Low,Yes,295,6,2026-02-02
F034,East,6,5,High,No,525,26,2026-02-03
F035,West,8,7,Medium,Yes,415,14,2026-02-04
F036,Industrial,5,4,High,No,720,42,2026-02-05
F037,Market,6,5,High,Yes,680,35,2026-02-06
F038,Station,7,5,Medium,Yes,810,31,2026-02-07
F039,Residential,9,8,Low,Yes,380,8,2026-02-08
F040,Rural,8,7,Low,Yes,220,6,2026-02-09
F041,Central,9,8,Low,Yes,510,7,2026-02-10
F042,North,6,5,High,No,340,30,2026-02-11
F043,South,8,7,Low,Yes,310,9,2026-02-12
F044,East,5,4,High,No,570,37,2026-02-13
F045,West,7,6,Medium,Yes,430,18,2026-02-14
F046,Industrial,6,4,High,No,760,45,2026-02-15
F047,Market,5,5,High,Yes,690,39,2026-02-16
F048,Station,7,6,Medium,Yes,780,29,2026-02-17
F049,Residential,9,9,Low,Yes,400,5,2026-02-18
F050,Rural,8,7,Low,Yes,240,7,2026-02-19
F051,Central,8,8,Low,Yes,460,8,2026-02-20
F052,North,7,6,Medium,Yes,370,17,2026-02-21
F053,South,9,8,Low,Yes,305,6,2026-02-22
F054,East,6,5,High,No,545,28,2026-02-23
F055,West,8,7,Medium,Yes,425,15,2026-02-24
F056,Industrial,5,4,High,No,735,43,2026-02-25
F057,Market,6,5,High,Yes,675,34,2026-02-26
F058,Station,7,6,Medium,Yes,825,32,2026-02-27
F059,Residential,9,8,Low,Yes,390,7,2026-02-28
F060,Rural,8,7,Low,Yes,230,6,2026-03-01
F061,Central,9,9,Low,Yes,490,7,2026-03-02
F062,North,6,5,High,No,355,31,2026-03-03
F063,South,8,7,Low,Yes,315,10,2026-03-04
F064,East,5,4,High,No,585,39,2026-03-05
F065,West,7,6,Medium,Yes,440,18,2026-03-06
F066,Industrial,6,4,High,No,770,46,2026-03-07
F067,Market,5,5,High,Yes,705,40,2026-03-08
F068,Station,7,6,Medium,Yes,790,30,2026-03-09
F069,Residential,9,9,Low,Yes,410,5,2026-03-10
F070,Rural,8,7,Low,Yes,250,7,2026-03-11
F071,Central,8,7,Low,Yes,475,10,2026-03-12
F072,North,7,6,Medium,Yes,375,16,2026-03-13
F073,South,9,8,Low,Yes,320,6,2026-03-14
F074,East,6,5,High,No,550,27,2026-03-15
F075,West,8,7,Medium,Yes,435,14,2026-03-16
F076,Industrial,5,4,High,No,745,44,2026-03-17
F077,Market,6,5,High,Yes,715,37,2026-03-18
F078,Station,7,5,Medium,Yes,805,33,2026-03-19
F079,Residential,9,8,Low,Yes,395,7,2026-03-20
F080,Rural,8,7,Low,Yes,260,6,2026-03-21
F081,Central,9,8,Low,Yes,520,8,2026-03-22
F082,North,6,5,High,No,365,30,2026-03-23
F083,South,8,7,Low,Yes,325,9,2026-03-24
F084,East,5,4,High,No,595,38,2026-03-25
F085,West,7,6,Medium,Yes,445,17,2026-03-26
F086,Industrial,6,4,High,No,780,47,2026-03-27
F087,Market,5,5,High,Yes,725,41,2026-03-28
F088,Station,7,6,Medium,Yes,820,31,2026-03-29
F089,Residential,9,9,Low,Yes,420,5,2026-03-30
F090,Rural,8,7,Low,Yes,270,7,2026-03-31
F091,Central,8,8,Low,Yes,485,9,2026-04-01
F092,North,7,6,Medium,Yes,385,15,2026-04-02
F093,South,9,8,Low,Yes,330,6,2026-04-03
F094,East,6,5,High,No,560,29,2026-04-04
F095,West,8,7,Medium,Yes,450,15,2026-04-05
F096,Industrial,5,4,High,No,755,45,2026-04-06
F097,Market,6,5,High,Yes,735,38,2026-04-07
F098,Station,7,6,Medium,Yes,815,32,2026-04-08
F099,Residential,9,8,Low,Yes,430,6,2026-04-09
F100,Rural,8,7,Low,Yes,280,7,2026-04-10
